{"x_ranks": [0, 1, 2, 3, 4, 5, 6, 7, 8, 9, 10, 11, 12, 13, 14, 15, 16, 17, 18, 19, 20, 21, 22, 23, 24, 25, 26, 27, 28, 29, 30, 31, 32, 33, 34, 35, 36, 37, 38, 39, 40, 41, 42, 43, 44, 45, 46, 47, 48, 49, 50, 51, 52, 53, 54, 55, 56, 57, 58, 59, 60, 61, 62, 63, 64, 65, 66, 67, 68, 69, 70, 71, 72, 73, 74, 75, 76, 77, 78, 79, 80, 81, 82, 83, 84, 85, 86, 87, 88, 89, 90, 91, 92, 93, 94, 95, 96, 97, 98, 99], "theoretical_softmax": [0.42901151242031166, 0.15167847481974966, 0.08256330406043846, 0.05362643905253894, 0.0383719561960725, 0.029190536089151422, 0.023164444315262104, 0.018959809352468705, 0.015889315274826357, 0.013566535216818009, 0.011759257995380733, 0.010320413007554806, 0.009152798850862658, 0.008189867828870002, 0.007384686413044994, 0.006703304881567372, 0.006120622077214279, 0.005617721289620358, 0.005180104787411865, 0.00479649452450906, 0.004457999387014887, 0.004157525535127922, 0.0038893514841765535, 0.003648817011143927, 0.0034320920993624947, 0.0032360030671407126, 0.0030579001503866095, 0.002895555539407762, 0.0027470840648530434, 0.0026108809198001383, 0.002485572331006888, 0.002369976169058587, 0.002263070256367775, 0.0021639666879391564, 0.002071890885997384, 0.001986164409353294, 0.0019061907617361875, 0.0018314436112179145, 0.0017614569601280192, 0.0016958169021022507, 0.0016341546777609885, 0.0015761407985418491, 0.001521480053495953, 0.0014699072494225927, 0.0014211835628174998, 0.0013750934044396018, 0.0013314417151422911, 0.0012900516259443503, 0.0012507624268813756, 0.001213427798557997], "gumbel_counts": [0.4262, 0.1542, 0.08125, 0.05195, 0.03965, 0.0295, 0.02425, 0.0187, 0.0162, 0.0128, 0.01195, 0.0111, 0.00975, 0.008, 0.00695, 0.00645, 0.00605, 0.00575, 0.005, 0.0043, 0.0048, 0.00355, 0.00425, 0.00495, 0.00335, 0.00345, 0.00285, 0.0032, 0.0028, 0.00305, 0.0026, 0.00195, 0.00235, 0.00155, 0.0027, 0.00195, 0.0017, 0.00165, 0.0013, 0.0014, 0.00235, 0.0016, 0.00155, 0.00145, 0.0018, 0.0013, 0.0012, 0.0006, 0.00135, 0.0014], "algo2_with_replacement": [0.4244, 0.15205, 0.08655, 0.05505, 0.03525, 0.03175, 0.0231, 0.0176, 0.0164, 0.01515, 0.0118, 0.01085, 0.00865, 0.00775, 0.00785, 0.0064, 0.00575, 0.00525, 0.00515, 0.0051, 0.005, 0.00305, 0.00405, 0.00475, 0.00375, 0.00255, 0.0034, 0.0036, 0.003, 0.00265, 0.0021, 0.00215, 0.0028, 0.002, 0.00135, 0.00135, 0.00185, 0.0015, 0.0017, 0.0017, 0.0019, 0.00095, 0.00155, 0.00115, 0.0018, 0.0016, 0.00085, 0.00115, 0.00135, 0.00155]}