{
  "x": [
    0,
    1,
    2,
    3,
    4,
    5,
    6,
    7,
    8,
    9,
    10,
    11,
    12,
    13,
    14,
    15,
    16,
    17,
    18,
    19
  ],
  "empirical": [
    0.00354,
    0.27244,
    0.05102,
    0.01966,
    0.00066,
    0.00098,
    0.00034,
    0.14408,
    0.0193,
    0.04486,
    0.00018,
    0.30858,
    0.1114,
    0.00102,
    0.00076,
    0.0007,
    0.00236,
    0.011,
    0.0057,
    0.00142
  ],
  "softmax": [
    0.0035856856258963143,
    0.2699552247512473,
    0.05234484059566643,
    0.019256283910907654,
    0.0006963092561649037,
    0.0006961833046583838,
    0.000334046826803801,
    0.1431967997596029,
    0.019614349211182085,
    0.04374787964568611,
    0.0002521534420210889,
    0.3117565840961457,
    0.1111875726604383,
    0.0010623061339509905,
    0.0008450039872226567,
    0.000855073915263096,
    0.002116398101729813,
    0.011062622128739088,
    0.005515081622757028,
    0.0019196010239162671
  ],
  "mae": 0.0005814529416168681
}