{"ranks": [0, 1, 2, 3, 4, 5, 6, 7, 8, 9, 10, 11, 12, 13, 14, 15, 16, 17, 18, 19, 20, 21, 22, 23, 24, 25, 26, 27, 28, 29, 30, 31, 32, 33, 34, 35, 36, 37, 38, 39, 40, 41, 42, 43, 44, 45, 46, 47, 48, 49, 50, 51, 52, 53, 54, 55, 56, 57, 58, 59, 60, 61, 62, 63, 64, 65, 66, 67, 68, 69, 70, 71, 72, 73, 74, 75, 76, 77, 78, 79, 80, 81, 82, 83, 84, 85, 86, 87, 88, 89, 90, 91, 92, 93, 94, 95, 96, 97, 98, 99], "softmax_counts": [0.4244, 0.15205, 0.08655, 0.05505, 0.03525, 0.03175, 0.0231, 0.0176, 0.0164, 0.01515, 0.0118, 0.01085, 0.00865, 0.00775, 0.00785, 0.0064, 0.00575, 0.00525, 0.00515, 0.0051, 0.005, 0.00305, 0.00405, 0.00475, 0.00375, 0.00255, 0.0034, 0.0036, 0.003, 0.00265, 0.0021, 0.00215, 0.0028, 0.002, 0.00135, 0.00135, 0.00185, 0.0015, 0.0017, 0.0017, 0.0019, 0.00095, 0.00155, 0.00115, 0.0018, 0.0016, 0.00085, 0.00115, 0.00135, 0.00155], "pf_counts": [0.54045, 0.13015, 0.0686, 0.0426, 0.02955, 0.02085, 0.0194, 0.01445, 0.01115, 0.0115, 0.0087, 0.0083, 0.0074, 0.0064, 0.006, 0.0054, 0.00505, 0.0044, 0.00355, 0.0036, 0.0036, 0.00275, 0.00315, 0.0032, 0.00255, 0.003, 0.00265, 0.00225, 0.00225, 0.00185, 0.0016, 0.0015, 0.00145, 0.0013, 0.00145, 0.00155, 0.00145, 0.0014, 0.00115, 0.00155, 0.00115, 0.0013, 0.00115, 0.0014, 0.0013, 0.001, 0.00095, 0.0007, 0.00085, 0.00105], "metrics": {"softmax_error": 1.4631233987941727, "pf_error": 1.148081598600295}}