{"n_range": [10, 11, 13, 15, 17, 20, 23, 26, 30, 35, 40, 47, 54, 62, 71, 82, 95, 109, 126, 145, 167, 193, 222, 255, 294, 339, 390, 449, 517, 596, 686, 790, 910, 1048, 1206, 1389, 1599, 1842, 2120, 2442, 2811, 3237, 3727, 4291, 4941, 5689, 6551, 7543, 8685, 10000], "worst_em": [2.202005457791215, 2.313727400524399, 2.513073491424577, 2.68731735031885, 2.842257933816387, 3.04691385151509, 3.2259315190022457, 3.38518413623128, 3.573653090347397, 3.7796768107650993, 3.9605828726166252, 4.181965699199087, 4.375037115357614, 4.569264088850543, 4.76195608406383, 4.968670342146673, 5.182173835219967, 5.383731156671593, 5.59796539231567, 5.807585608860974, 6.020070999603414, 6.23943647686293, 6.452519688395933, 6.666709327158845, 6.886590997726957, 7.1082900260756325, 7.328708430704342, 7.551000271860587, 7.773585046828784, 8.001221709958745, 8.229434274114421, 8.455739121361926, 8.683761320897943, 8.9164777965319, 9.142818882951206, 9.374227028573888, 9.61227041981099, 9.830040712339144, 10.069092198535555, 10.318677763223327, 10.544544406292857, 10.749451431389664, 10.953051311784805, 11.242757575192423, 11.507331812512868, 11.747269001311068, 11.964086226140463, 12.158858501558845, 12.333199397516285, 12.48872945600331], "worst_pf": [1.7864554038997527, 1.893275696130427, 2.085773886503114, 2.255778328122381, 2.4081616742664775, 2.610891752695269, 2.7894144557612286, 2.9490540064657003, 3.1387692850366324, 3.347042909387233, 3.530506047887027, 3.7557020851723606, 3.9525736856464975, 4.1510446804615775, 4.348086747972592, 4.559968609551539, 4.77890798352363, 4.985511095321506, 5.205543357833576, 5.42069983872521, 5.638960572450337, 5.864155724238066, 6.083984740286562, 6.302668187079706, 6.528868640089364, 6.757251468099243, 6.983159780613777, 7.210805163284027, 7.439717471733391, 7.673489438749305, 7.904974384470554, 8.137539680243414, 8.368765547877043, 8.606073342642489, 8.844221811420796, 9.069742935557953, 9.318963959204787, 9.53836351102916, 9.797309811918034, 10.02721772898551, 10.248626991289443, 10.519635428127126, 10.756523272708455, 10.962954003971806, 11.142675476489009, 11.452196061966264, 11.735671097270039, 11.983110783879637, 12.198523575142593, 12.38580917636749], "theoretical_log_n": [2.302585092994046, 2.3978952727983707, 2.5649493574615367, 2.70805020110221, 2.833213344056216, 2.995732273553991, 3.1354942159291497, 3.258096538021482, 3.4011973816621555, 3.5553480614894135, 3.6888794541139363, 3.8501476017100584, 3.9889840465642745, 4.127134385045092, 4.2626798770413155, 4.406719247264253, 4.553876891600541, 4.6913478822291435, 4.836281906951478, 4.976733742420574, 5.117993812416755, 5.262690188904886, 5.402677381872279, 5.541263545158426, 5.683579767338681, 5.82600010738045, 5.966146739123692, 6.1070228877422545, 6.248042874508429, 6.39024066706535, 6.530877627725885, 6.672032945461067, 6.813444599510896, 6.954638864880987, 7.095064377287131, 7.236339342754344, 7.377133712833954, 7.518607216815252, 7.659171367666058, 7.80057265467065, 7.941295570906532, 8.082402253926244, 8.223358899479258, 8.364275084991524, 8.50532301884575, 8.646289764750648, 8.787372988731876, 8.928375259853631, 9.069352678675205, 9.210340371976184], "theoretical_2_log_n": [4.605170185988092, 4.795790545596741, 5.1298987149230735, 5.41610040220442, 5.666426688112432, 5.991464547107982, 6.270988431858299, 6.516193076042964, 6.802394763324311, 7.110696122978827, 7.3777589082278725, 7.700295203420117, 7.977968093128549, 8.254268770090183, 8.525359754082631, 8.813438494528507, 9.107753783201082, 9.382695764458287, 9.672563813902956, 9.953467484841148, 10.23598762483351, 10.525380377809771, 10.805354763744559, 11.082527090316852, 11.367159534677363, 11.6520002147609, 11.932293478247384, 12.214045775484509, 12.496085749016858, 12.7804813341307, 13.06175525545177, 13.344065890922135, 13.626889199021791, 13.909277729761975, 14.190128754574262, 14.472678685508688, 14.754267425667908, 15.037214433630504, 15.318342735332116, 15.6011453093413, 15.882591141813064, 16.164804507852487, 16.446717798958517, 16.72855016998305, 17.0106460376915, 17.292579529501296, 17.574745977463753, 17.856750519707262, 18.13870535735041, 18.420680743952367]}